{
  "Total Clips": 27691,
  "Total Words": 491857,
  "Total Characters": 2821160,
  "Total Duration (sec)": 188729.8865578231,
  "Mean Clip Duration (sec)": 6.815567749731794,
  "Min Clip Duration (sec)": 0.2999773242630385,
  "Max Clip Duration (sec)": 40.79997732426304,
  "Mean Words per Clip": 17.762341555017876,
  "Distinct Words": 36473
}
